rpm,v_ms,thrust_N,torque_Nm
1000.0,0.000000,0.051000,0.001000
1000.0,0.174346,0.050000,0.001000
1000.0,0.348691,0.050000,0.001000
1000.0,0.523037,0.050000,0.001000
1000.0,0.697382,0.050000,0.001000
1000.0,0.871728,0.050000,0.001000
1000.0,1.046074,0.050000,0.002000
1000.0,1.220419,0.050000,0.002000
1000.0,1.394765,0.050000,0.002000
1000.0,1.569110,0.050000,0.002000
1000.0,1.743456,0.050000,0.002000
1000.0,1.917802,0.050000,0.002000
1000.0,2.092147,0.050000,0.002000
1000.0,2.266493,0.049000,0.002000
1000.0,2.440838,0.049000,0.002000
1000.0,2.615184,0.048000,0.002000
1000.0,2.789530,0.046000,0.002000
1000.0,2.963875,0.045000,0.002000
1000.0,3.142691,0.042000,0.002000
1000.0,3.317037,0.040000,0.002000
1000.0,3.491382,0.037000,0.002000
1000.0,3.665728,0.033000,0.002000
1000.0,3.840074,0.030000,0.002000
1000.0,4.014419,0.026000,0.001000
1000.0,4.188765,0.022000,0.001000
1000.0,4.363110,0.018000,0.001000
1000.0,4.537456,0.014000,0.001000
1000.0,4.711802,0.010000,0.001000
1000.0,4.886147,0.005000,0.001000
1000.0,5.060493,0.001000,0.001000
2000.0,0.000000,0.204000,0.005000
2000.0,0.353162,0.203000,0.005000
2000.0,0.710794,0.203000,0.005000
2000.0,1.063955,0.203000,0.005000
2000.0,1.417117,0.202000,0.006000
2000.0,1.774749,0.203000,0.006000
2000.0,2.127910,0.203000,0.006000
2000.0,2.481072,0.203000,0.006000
2000.0,2.838704,0.203000,0.006000
2000.0,3.191866,0.203000,0.006000
2000.0,3.545027,0.203000,0.006000
2000.0,3.898189,0.202000,0.007000
2000.0,4.255821,0.201000,0.007000
2000.0,4.608982,0.199000,0.007000
2000.0,4.962144,0.197000,0.007000
2000.0,5.319776,0.192000,0.007000
2000.0,5.672938,0.187000,0.007000
2000.0,6.026099,0.179000,0.007000
2000.0,6.383731,0.170000,0.007000
2000.0,6.736893,0.158000,0.007000
2000.0,7.090054,0.146000,0.007000
2000.0,7.447686,0.132000,0.006000
2000.0,7.800848,0.117000,0.006000
2000.0,8.154010,0.101000,0.005000
2000.0,8.511642,0.085000,0.005000
2000.0,8.864803,0.069000,0.004000
2000.0,9.217965,0.052000,0.004000
2000.0,9.575597,0.035000,0.003000
2000.0,9.928758,0.018000,0.002000
2000.0,10.281920,0.001000,0.002000
3000.0,0.000000,0.459000,0.012000
3000.0,0.536448,0.458000,0.012000
3000.0,1.068426,0.457000,0.012000
3000.0,1.604874,0.457000,0.012000
3000.0,2.141322,0.457000,0.012000
3000.0,2.677770,0.457000,0.012000
3000.0,3.209747,0.458000,0.013000
3000.0,3.746195,0.459000,0.013000
3000.0,4.282643,0.459000,0.013000
3000.0,4.819091,0.459000,0.014000
3000.0,5.351069,0.459000,0.014000
3000.0,5.887517,0.458000,0.015000
3000.0,6.423965,0.455000,0.015000
3000.0,6.960413,0.451000,0.015000
3000.0,7.492390,0.444000,0.016000
3000.0,8.028838,0.435000,0.016000
3000.0,8.565286,0.421000,0.016000
3000.0,9.101734,0.404000,0.016000
3000.0,9.633712,0.382000,0.016000
3000.0,10.170160,0.356000,0.015000
3000.0,10.706608,0.327000,0.014000
3000.0,11.243056,0.295000,0.014000
3000.0,11.775034,0.261000,0.013000
3000.0,12.311482,0.226000,0.011000
3000.0,12.847930,0.190000,0.010000
3000.0,13.379907,0.152000,0.009000
3000.0,13.916355,0.114000,0.008000
3000.0,14.452803,0.076000,0.006000
3000.0,14.989251,0.038000,0.005000
3000.0,15.521229,0.001000,0.003000
4000.0,0.000000,0.818000,0.020000
4000.0,0.715264,0.816000,0.020000
4000.0,1.430528,0.815000,0.020000
4000.0,2.150262,0.814000,0.021000
4000.0,2.865526,0.814000,0.021000
4000.0,3.580790,0.815000,0.021000
4000.0,4.296054,0.816000,0.022000
4000.0,5.015789,0.817000,0.023000
4000.0,5.731053,0.819000,0.023000
4000.0,6.446317,0.819000,0.024000
4000.0,7.161581,0.819000,0.025000
4000.0,7.881315,0.817000,0.025000
4000.0,8.596579,0.813000,0.026000
4000.0,9.311843,0.805000,0.027000
4000.0,10.027107,0.793000,0.028000
4000.0,10.746842,0.775000,0.028000
4000.0,11.462106,0.751000,0.028000
4000.0,12.177370,0.719000,0.028000
4000.0,12.892634,0.679000,0.027000
4000.0,13.612368,0.633000,0.027000
4000.0,14.327632,0.580000,0.025000
4000.0,15.042896,0.524000,0.024000
4000.0,15.758160,0.463000,0.022000
4000.0,16.473424,0.400000,0.020000
4000.0,17.193158,0.335000,0.018000
4000.0,17.908422,0.269000,0.015000
4000.0,18.623686,0.201000,0.013000
4000.0,19.338950,0.134000,0.011000
4000.0,20.058685,0.067000,0.008000
4000.0,20.773949,0.001000,0.005000
5000.0,0.000000,1.279000,0.031000
5000.0,0.898550,1.276000,0.031000
5000.0,1.797101,1.275000,0.032000
5000.0,2.691181,1.274000,0.032000
5000.0,3.589731,1.274000,0.033000
5000.0,4.488282,1.276000,0.033000
5000.0,5.386832,1.277000,0.034000
5000.0,6.285382,1.280000,0.035000
5000.0,7.179462,1.282000,0.036000
5000.0,8.078013,1.283000,0.037000
5000.0,8.976563,1.283000,0.038000
5000.0,9.875114,1.280000,0.039000
5000.0,10.773664,1.273000,0.041000
5000.0,11.667744,1.261000,0.042000
5000.0,12.566294,1.242000,0.043000
5000.0,13.464845,1.214000,0.044000
5000.0,14.363395,1.176000,0.044000
5000.0,15.257475,1.126000,0.044000
5000.0,16.156026,1.063000,0.043000
5000.0,17.054576,0.989000,0.041000
5000.0,17.953126,0.907000,0.039000
5000.0,18.851677,0.818000,0.037000
5000.0,19.745757,0.723000,0.034000
5000.0,20.644307,0.624000,0.031000
5000.0,21.542858,0.522000,0.027000
5000.0,22.441408,0.418000,0.024000
5000.0,23.339958,0.313000,0.020000
5000.0,24.234038,0.208000,0.016000
5000.0,25.132589,0.103000,0.012000
5000.0,26.031139,0.001000,0.007000
6000.0,0.000000,1.843000,0.044000
6000.0,1.077366,1.839000,0.045000
6000.0,2.159203,1.837000,0.045000
6000.0,3.236570,1.836000,0.046000
6000.0,4.313936,1.837000,0.046000
6000.0,5.395773,1.839000,0.047000
6000.0,6.473139,1.842000,0.048000
6000.0,7.554976,1.846000,0.050000
6000.0,8.632342,1.849000,0.051000
6000.0,9.709709,1.851000,0.053000
6000.0,10.791546,1.851000,0.055000
6000.0,11.868912,1.847000,0.057000
6000.0,12.946278,1.837000,0.058000
6000.0,14.028115,1.820000,0.060000
6000.0,15.105482,1.792000,0.061000
6000.0,16.187318,1.753000,0.062000
6000.0,17.264685,1.697000,0.063000
6000.0,18.342051,1.624000,0.062000
6000.0,19.423888,1.533000,0.061000
6000.0,20.501254,1.426000,0.059000
6000.0,21.578621,1.307000,0.056000
6000.0,22.660458,1.178000,0.052000
6000.0,23.737824,1.041000,0.048000
6000.0,24.819661,0.898000,0.044000
6000.0,25.897027,0.751000,0.039000
6000.0,26.974394,0.601000,0.033000
6000.0,28.056230,0.450000,0.028000
6000.0,29.133597,0.298000,0.022000
6000.0,30.210963,0.148000,0.016000
6000.0,31.292800,0.000000,0.010000
7000.0,0.000000,2.510000,0.060000
7000.0,1.260653,2.505000,0.060000
7000.0,2.521306,2.502000,0.061000
7000.0,3.781958,2.502000,0.062000
7000.0,5.042611,2.503000,0.063000
7000.0,6.303264,2.506000,0.064000
7000.0,7.563917,2.510000,0.066000
7000.0,8.824570,2.515000,0.067000
7000.0,10.085222,2.520000,0.069000
7000.0,11.345875,2.523000,0.072000
7000.0,12.606528,2.523000,0.074000
7000.0,13.867181,2.518000,0.077000
7000.0,15.127834,2.505000,0.079000
7000.0,16.388486,2.482000,0.081000
7000.0,17.649139,2.445000,0.083000
7000.0,18.909792,2.390000,0.085000
7000.0,20.170445,2.314000,0.085000
7000.0,21.431098,2.214000,0.085000
7000.0,22.691750,2.090000,0.083000
7000.0,23.952403,1.944000,0.080000
7000.0,25.213056,1.781000,0.076000
7000.0,26.473709,1.604000,0.071000
7000.0,27.734362,1.417000,0.065000
7000.0,28.995014,1.223000,0.059000
7000.0,30.255667,1.022000,0.052000
7000.0,31.516320,0.818000,0.045000
7000.0,32.776973,0.611000,0.037000
7000.0,34.037626,0.405000,0.029000
7000.0,35.298278,0.200000,0.021000
7000.0,36.558931,0.000000,0.013000
8000.0,0.000000,3.281000,0.078000
8000.0,1.443939,3.274000,0.078000
8000.0,2.883408,3.271000,0.079000
8000.0,4.327347,3.270000,0.080000
8000.0,5.766816,3.272000,0.081000
8000.0,7.210755,3.276000,0.083000
8000.0,8.654694,3.282000,0.085000
8000.0,10.094163,3.289000,0.088000
8000.0,11.538102,3.296000,0.090000
8000.0,12.977571,3.300000,0.093000
8000.0,14.421510,3.301000,0.096000
8000.0,15.865450,3.294000,0.100000
8000.0,17.304918,3.278000,0.103000
8000.0,18.748858,3.248000,0.106000
8000.0,20.188326,3.200000,0.108000
8000.0,21.632266,3.129000,0.110000
8000.0,23.076205,3.029000,0.111000
8000.0,24.515674,2.898000,0.110000
8000.0,25.959613,2.735000,0.108000
8000.0,27.399082,2.544000,0.104000
8000.0,28.843021,2.331000,0.099000
8000.0,30.286960,2.099000,0.093000
8000.0,31.726429,1.854000,0.085000
8000.0,33.170368,1.599000,0.077000
8000.0,34.609837,1.336000,0.068000
8000.0,36.053776,1.069000,0.058000
8000.0,37.497715,0.799000,0.048000
8000.0,38.937184,0.529000,0.038000
8000.0,40.381123,0.262000,0.027000
8000.0,41.820592,0.001000,0.016000
9000.0,0.000000,4.154000,0.098000
9000.0,1.622755,4.147000,0.099000
9000.0,3.249981,4.142000,0.100000
9000.0,4.872736,4.141000,0.101000
9000.0,6.495491,4.144000,0.103000
9000.0,8.122717,4.150000,0.105000
9000.0,9.745472,4.158000,0.107000
9000.0,11.368227,4.167000,0.110000
9000.0,12.990982,4.176000,0.114000
9000.0,14.618208,4.182000,0.118000
9000.0,16.240963,4.183000,0.122000
9000.0,17.863718,4.176000,0.126000
9000.0,19.490944,4.155000,0.130000
9000.0,21.113699,4.118000,0.134000
9000.0,22.736454,4.057000,0.137000
9000.0,24.363680,3.968000,0.139000
9000.0,25.986435,3.842000,0.140000
9000.0,27.609190,3.676000,0.139000
9000.0,29.231946,3.469000,0.136000
9000.0,30.859171,3.226000,0.132000
9000.0,32.481926,2.955000,0.125000
9000.0,34.104682,2.661000,0.117000
9000.0,35.731907,2.350000,0.107000
9000.0,37.354662,2.026000,0.097000
9000.0,38.977418,1.693000,0.085000
9000.0,40.604643,1.353000,0.073000
9000.0,42.227398,1.011000,0.060000
9000.0,43.850154,0.669000,0.047000
9000.0,45.472909,0.330000,0.033000
9000.0,47.100134,-0.001000,0.019000
10000.0,0.000000,5.131000,0.121000
10000.0,1.806042,5.122000,0.122000
10000.0,3.612083,5.117000,0.123000
10000.0,5.418125,5.116000,0.124000
10000.0,7.224166,5.120000,0.126000
10000.0,9.030208,5.127000,0.129000
10000.0,10.836250,5.138000,0.132000
10000.0,12.642291,5.150000,0.136000
10000.0,14.443862,5.161000,0.140000
10000.0,16.249904,5.170000,0.145000
10000.0,18.055946,5.172000,0.150000
10000.0,19.861987,5.163000,0.155000
10000.0,21.668029,5.139000,0.160000
10000.0,23.474070,5.093000,0.165000
10000.0,25.280112,5.019000,0.169000
10000.0,27.086154,4.909000,0.172000
10000.0,28.892195,4.754000,0.173000
10000.0,30.698237,4.549000,0.172000
10000.0,32.504278,4.293000,0.168000
10000.0,34.310320,3.993000,0.162000
10000.0,36.116362,3.657000,0.154000
10000.0,37.922403,3.293000,0.144000
10000.0,39.728445,2.908000,0.132000
10000.0,41.534486,2.507000,0.119000
10000.0,43.336058,2.095000,0.105000
10000.0,45.142099,1.675000,0.090000
10000.0,46.948141,1.251000,0.074000
10000.0,48.754182,0.828000,0.057000
10000.0,50.560224,0.409000,0.040000
10000.0,52.366266,-0.001000,0.022000
11000.0,0.000000,6.212000,0.146000
11000.0,1.989328,6.200000,0.147000
11000.0,3.974186,6.194000,0.148000
11000.0,5.963514,6.194000,0.150000
11000.0,7.948371,6.199000,0.153000
11000.0,9.937699,6.208000,0.156000
11000.0,11.922557,6.221000,0.160000
11000.0,13.911885,6.237000,0.164000
11000.0,15.901213,6.251000,0.169000
11000.0,17.886070,6.263000,0.175000
11000.0,19.875398,6.266000,0.181000
11000.0,21.860256,6.256000,0.187000
11000.0,23.849584,6.228000,0.194000
11000.0,25.834442,6.174000,0.199000
11000.0,27.823770,6.086000,0.204000
11000.0,29.813098,5.954000,0.208000
11000.0,31.797955,5.767000,0.210000
11000.0,33.787283,5.519000,0.208000
11000.0,35.772141,5.209000,0.204000
11000.0,37.761469,4.846000,0.197000
11000.0,39.750797,4.438000,0.187000
11000.0,41.735654,3.997000,0.174000
11000.0,43.724982,3.529000,0.160000
11000.0,45.709840,3.043000,0.144000
11000.0,47.699168,2.542000,0.127000
11000.0,49.684026,2.032000,0.108000
11000.0,51.673354,1.518000,0.089000
11000.0,53.662682,1.005000,0.068000
11000.0,55.647539,0.496000,0.047000
11000.0,57.636867,0.000000,0.026000
12000.0,0.000000,7.395000,0.173000
12000.0,2.168144,7.383000,0.174000
12000.0,4.336288,7.376000,0.176000
12000.0,6.508902,7.375000,0.178000
12000.0,8.677046,7.382000,0.181000
12000.0,10.845190,7.393000,0.185000
12000.0,13.013334,7.410000,0.190000
12000.0,15.181478,7.429000,0.195000
12000.0,17.349622,7.447000,0.201000
12000.0,19.522237,7.461000,0.208000
12000.0,21.690381,7.467000,0.215000
12000.0,23.858525,7.457000,0.223000
12000.0,26.026669,7.425000,0.230000
12000.0,28.194813,7.362000,0.237000
12000.0,30.367427,7.258000,0.243000
12000.0,32.535571,7.102000,0.248000
12000.0,34.703715,6.882000,0.250000
12000.0,36.871859,6.587000,0.248000
12000.0,39.040003,6.219000,0.243000
12000.0,41.212618,5.786000,0.234000
12000.0,43.380762,5.300000,0.222000
12000.0,45.548906,4.773000,0.208000
12000.0,47.717050,4.215000,0.191000
12000.0,49.885194,3.634000,0.172000
12000.0,52.053338,3.037000,0.151000
12000.0,54.225952,2.428000,0.129000
12000.0,56.394096,1.814000,0.105000
12000.0,58.562240,1.201000,0.081000
12000.0,60.730384,0.594000,0.055000
12000.0,62.898528,0.001000,0.030000
13000.0,0.000000,8.683000,0.203000
13000.0,2.351430,8.668000,0.204000
13000.0,4.702861,8.661000,0.206000
13000.0,7.054291,8.661000,0.209000
13000.0,9.401251,8.668000,0.213000
13000.0,11.752682,8.683000,0.217000
13000.0,14.104112,8.703000,0.222000
13000.0,16.455542,8.726000,0.229000
13000.0,18.806973,8.749000,0.236000
13000.0,21.158403,8.767000,0.244000
13000.0,23.509834,8.774000,0.252000
13000.0,25.856794,8.765000,0.261000
13000.0,28.208224,8.729000,0.270000
13000.0,30.559654,8.657000,0.279000
13000.0,32.911085,8.537000,0.286000
13000.0,35.262515,8.356000,0.291000
13000.0,37.613946,8.099000,0.293000
13000.0,39.965376,7.754000,0.292000
13000.0,42.316806,7.322000,0.286000
13000.0,44.663766,6.813000,0.275000
13000.0,47.015197,6.242000,0.261000
13000.0,49.366627,5.622000,0.244000
13000.0,51.718058,4.965000,0.224000
13000.0,54.069488,4.281000,0.202000
13000.0,56.420918,3.577000,0.177000
13000.0,58.772349,2.860000,0.151000
13000.0,61.119309,2.136000,0.123000
13000.0,63.470739,1.413000,0.094000
13000.0,65.822170,0.698000,0.064000
13000.0,68.173600,-0.001000,0.034000
14000.0,0.000000,10.075000,0.235000
14000.0,2.534717,10.058000,0.237000
14000.0,5.064963,10.049000,0.239000
14000.0,7.599680,10.050000,0.242000
14000.0,10.129926,10.059000,0.246000
14000.0,12.664643,10.077000,0.251000
14000.0,15.194890,10.101000,0.258000
14000.0,17.729606,10.129000,0.265000
14000.0,20.259853,10.157000,0.273000
14000.0,22.794570,10.179000,0.283000
14000.0,25.324816,10.190000,0.293000
14000.0,27.859533,10.181000,0.303000
14000.0,30.389779,10.141000,0.314000
14000.0,32.924496,10.061000,0.323000
14000.0,35.454742,9.925000,0.332000
14000.0,37.989459,9.717000,0.338000
14000.0,40.519706,9.420000,0.341000
14000.0,43.054422,9.022000,0.339000
14000.0,45.589139,8.522000,0.332000
14000.0,48.119386,7.932000,0.320000
14000.0,50.654102,7.268000,0.304000
14000.0,53.184349,6.547000,0.284000
14000.0,55.719066,5.783000,0.260000
14000.0,58.249312,4.986000,0.234000
14000.0,60.784029,4.166000,0.206000
14000.0,63.314275,3.330000,0.175000
14000.0,65.848992,2.488000,0.142000
14000.0,68.379238,1.645000,0.108000
14000.0,70.913955,0.812000,0.073000
14000.0,73.444202,-0.003000,0.038000
15000.0,0.000000,11.570000,0.270000
15000.0,2.713533,11.551000,0.272000
15000.0,5.427066,11.542000,0.274000
15000.0,8.145069,11.543000,0.278000
15000.0,10.858602,11.554000,0.283000
15000.0,13.572134,11.575000,0.289000
15000.0,16.285667,11.604000,0.296000
15000.0,18.999200,11.637000,0.304000
15000.0,21.712733,11.671000,0.314000
15000.0,24.430736,11.699000,0.325000
15000.0,27.144269,11.713000,0.336000
15000.0,29.857802,11.705000,0.348000
15000.0,32.571334,11.663000,0.360000
15000.0,35.284867,11.574000,0.371000
15000.0,37.998400,11.421000,0.381000
15000.0,40.716403,11.186000,0.389000
15000.0,43.429936,10.849000,0.392000
15000.0,46.143469,10.394000,0.390000
15000.0,48.857002,9.821000,0.382000
15000.0,51.570534,9.143000,0.369000
15000.0,54.284067,8.380000,0.350000
15000.0,57.002070,7.550000,0.327000
15000.0,59.715603,6.670000,0.300000
15000.0,62.429136,5.751000,0.270000
15000.0,65.142669,4.806000,0.236000
15000.0,67.856202,3.842000,0.201000
15000.0,70.569734,2.870000,0.163000
15000.0,73.287738,1.898000,0.124000
15000.0,76.001270,0.936000,0.083000
15000.0,78.714803,-0.004000,0.042000
16000.0,0.000000,13.170000,0.308000
16000.0,2.896819,13.148000,0.310000
16000.0,5.793638,13.138000,0.312000
16000.0,8.685987,13.140000,0.316000
16000.0,11.582806,13.154000,0.322000
16000.0,14.479626,13.179000,0.328000
16000.0,17.376445,13.213000,0.337000
16000.0,20.268794,13.252000,0.346000
16000.0,23.165613,13.292000,0.357000
16000.0,26.062432,13.326000,0.369000
16000.0,28.959251,13.346000,0.383000
16000.0,31.856070,13.340000,0.396000
16000.0,34.748419,13.296000,0.410000
16000.0,37.645238,13.198000,0.423000
16000.0,40.542058,13.029000,0.435000
16000.0,43.438877,12.766000,0.443000
16000.0,46.331226,12.386000,0.447000
16000.0,49.228045,11.872000,0.445000
16000.0,52.124864,11.222000,0.436000
16000.0,55.021683,10.451000,0.421000
16000.0,57.918502,9.581000,0.400000
16000.0,60.810851,8.635000,0.373000
16000.0,63.707670,7.629000,0.342000
16000.0,66.604490,6.580000,0.308000
16000.0,69.501309,5.499000,0.270000
16000.0,72.393658,4.397000,0.229000
16000.0,75.290477,3.285000,0.186000
16000.0,78.187296,2.172000,0.140000
16000.0,81.084115,1.071000,0.094000
16000.0,83.980934,-0.005000,0.047000
17000.0,0.000000,14.874000,0.348000
17000.0,3.075635,14.850000,0.350000
17000.0,6.155741,14.839000,0.353000
17000.0,9.231376,14.842000,0.358000
17000.0,12.307011,14.858000,0.363000
17000.0,15.387117,14.887000,0.371000
17000.0,18.462752,14.927000,0.380000
17000.0,21.542858,14.973000,0.391000
17000.0,24.618493,15.021000,0.403000
17000.0,27.694128,15.062000,0.417000
17000.0,30.774234,15.087000,0.432000
17000.0,33.849869,15.085000,0.448000
17000.0,36.925504,15.040000,0.464000
17000.0,40.005610,14.935000,0.479000
17000.0,43.081245,14.749000,0.492000
17000.0,46.161350,14.457000,0.501000
17000.0,49.236986,14.034000,0.506000
17000.0,52.312621,13.457000,0.504000
17000.0,55.392726,12.726000,0.494000
17000.0,58.468362,11.857000,0.477000
17000.0,61.543997,10.874000,0.453000
17000.0,64.624102,9.803000,0.423000
17000.0,67.699738,8.663000,0.388000
17000.0,70.775373,7.473000,0.349000
17000.0,73.855478,6.247000,0.305000
17000.0,76.931114,4.996000,0.259000
17000.0,80.011219,3.732000,0.210000
17000.0,83.086854,2.468000,0.158000
17000.0,86.162490,1.217000,0.105000
17000.0,89.242595,-0.007000,0.051000
18000.0,0.000000,16.682000,0.390000
18000.0,3.303626,16.656000,0.393000
18000.0,6.607251,16.644000,0.396000
18000.0,9.910877,16.649000,0.401000
18000.0,13.214502,16.669000,0.408000
18000.0,16.522598,16.704000,0.417000
18000.0,19.826224,16.752000,0.428000
18000.0,23.129850,16.807000,0.440000
18000.0,26.433475,16.863000,0.454000
18000.0,29.737101,16.912000,0.470000
18000.0,33.040726,16.941000,0.488000
18000.0,36.344352,16.938000,0.506000
18000.0,39.647978,16.883000,0.524000
18000.0,42.951603,16.755000,0.540000
18000.0,46.255229,16.530000,0.555000
18000.0,49.563325,16.178000,0.565000
18000.0,52.866950,15.667000,0.569000
18000.0,56.170576,14.976000,0.565000
18000.0,59.474202,14.107000,0.552000
18000.0,62.777827,13.084000,0.531000
18000.0,66.081453,11.935000,0.502000
18000.0,69.385078,10.688000,0.466000
18000.0,72.688704,9.369000,0.424000
18000.0,75.992330,7.995000,0.378000
18000.0,79.300426,6.582000,0.327000
18000.0,82.604051,5.144000,0.272000
18000.0,85.907677,3.696000,0.215000
18000.0,89.211302,2.252000,0.155000
18000.0,92.514928,0.829000,0.093000
19000.0,0.000000,18.596000,0.435000
19000.0,3.437738,18.567000,0.438000
19000.0,6.879946,18.554000,0.442000
19000.0,10.317683,18.559000,0.448000
19000.0,13.755421,18.582000,0.455000
19000.0,17.197629,18.621000,0.464000
19000.0,20.635366,18.674000,0.476000
19000.0,24.073104,18.737000,0.489000
19000.0,27.515312,18.802000,0.505000
19000.0,30.953050,18.860000,0.522000
19000.0,34.390787,18.901000,0.541000
19000.0,37.832995,18.909000,0.561000
19000.0,41.270733,18.866000,0.581000
19000.0,44.708470,18.750000,0.600000
19000.0,48.150678,18.533000,0.617000
19000.0,51.588416,18.186000,0.630000
19000.0,55.026154,17.673000,0.636000
19000.0,58.463891,16.967000,0.635000
19000.0,61.906099,16.064000,0.623000
19000.0,65.343837,14.982000,0.602000
19000.0,68.781574,13.753000,0.572000
19000.0,72.223782,12.408000,0.534000
19000.0,75.661520,10.974000,0.490000
19000.0,79.099258,9.474000,0.440000
19000.0,82.541466,7.924000,0.385000
19000.0,85.979203,6.342000,0.326000
19000.0,89.416941,4.742000,0.264000
19000.0,92.859149,3.139000,0.198000
19000.0,96.296886,1.551000,0.130000
19000.0,99.734624,-0.003000,0.061000
20000.0,0.000000,20.614000,0.484000
20000.0,3.621024,20.583000,0.486000
20000.0,7.242048,20.569000,0.491000
20000.0,10.858602,20.576000,0.497000
20000.0,14.479626,20.602000,0.505000
20000.0,18.100650,20.647000,0.515000
20000.0,21.721674,20.708000,0.528000
20000.0,25.342698,20.779000,0.543000
20000.0,28.959251,20.855000,0.560000
20000.0,32.580275,20.924000,0.580000
20000.0,36.201299,20.975000,0.601000
20000.0,39.822323,20.991000,0.623000
20000.0,43.443347,20.951000,0.645000
20000.0,47.059901,20.831000,0.667000
20000.0,50.680925,20.601000,0.686000
20000.0,54.301949,20.227000,0.700000
20000.0,57.922973,19.669000,0.708000
20000.0,61.543997,18.896000,0.706000
20000.0,65.160550,17.901000,0.694000
20000.0,68.781574,16.705000,0.671000
20000.0,72.402598,15.343000,0.638000
20000.0,76.023622,13.849000,0.596000
20000.0,79.644646,12.253000,0.547000
20000.0,83.261200,10.582000,0.491000
20000.0,86.882224,8.855000,0.430000
20000.0,90.503248,7.089000,0.363000
20000.0,94.124272,5.302000,0.293000
20000.0,97.740826,3.511000,0.220000
20000.0,101.361850,1.735000,0.144000
20000.0,104.982874,-0.004000,0.066000
21000.0,0.000000,22.738000,0.534000
21000.0,3.799840,22.703000,0.538000
21000.0,7.599680,22.689000,0.542000
21000.0,11.403990,22.697000,0.549000
21000.0,15.203830,22.728000,0.558000
21000.0,19.003670,22.779000,0.569000
21000.0,22.803510,22.848000,0.583000
21000.0,26.603350,22.930000,0.600000
21000.0,30.407661,23.017000,0.619000
21000.0,34.207501,23.099000,0.640000
21000.0,38.007341,23.161000,0.664000
21000.0,41.807181,23.187000,0.688000
21000.0,45.607021,23.152000,0.713000
21000.0,49.411331,23.031000,0.737000
21000.0,53.211171,22.790000,0.758000
21000.0,57.011011,22.389000,0.775000
21000.0,60.810851,21.787000,0.784000
21000.0,64.610691,20.946000,0.783000
21000.0,68.415002,19.858000,0.770000
21000.0,72.214842,18.544000,0.744000
21000.0,76.014682,17.042000,0.708000
21000.0,79.814522,15.390000,0.662000
21000.0,83.614362,13.624000,0.607000
21000.0,87.418672,11.771000,0.545000
21000.0,91.218512,9.854000,0.477000
21000.0,95.018352,7.893000,0.403000
21000.0,98.818192,5.906000,0.325000
21000.0,102.618032,3.912000,0.243000
21000.0,106.422342,1.935000,0.158000
21000.0,110.222182,-0.004000,0.072000
22000.0,0.000000,24.967000,0.588000
22000.0,3.978656,24.930000,0.592000
22000.0,7.961782,24.915000,0.597000
22000.0,11.940438,24.925000,0.604000
22000.0,15.923565,24.959000,0.614000
22000.0,19.902221,25.017000,0.626000
22000.0,23.885347,25.096000,0.642000
22000.0,27.864003,25.189000,0.660000
22000.0,31.847130,25.289000,0.681000
22000.0,35.825786,25.385000,0.704000
22000.0,39.808912,25.461000,0.730000
22000.0,43.787568,25.498000,0.757000
22000.0,47.770694,25.471000,0.785000
22000.0,51.749350,25.351000,0.811000
22000.0,55.732477,25.100000,0.835000
22000.0,59.711133,24.677000,0.854000
22000.0,63.694259,24.031000,0.865000
22000.0,67.672915,23.123000,0.864000
22000.0,71.656042,21.940000,0.850000
22000.0,75.634698,20.504000,0.823000
22000.0,79.617824,18.856000,0.783000
22000.0,83.596480,17.039000,0.732000
22000.0,87.579606,15.093000,0.672000
22000.0,91.558262,13.048000,0.603000
22000.0,95.541389,10.929000,0.528000
22000.0,99.520045,8.759000,0.446000
22000.0,103.503171,6.558000,0.359000
22000.0,107.481827,4.348000,0.268000
22000.0,111.464954,2.153000,0.174000
22000.0,115.443610,-0.003000,0.078000
23000.0,0.000000,27.300000,0.646000
23000.0,4.161942,27.260000,0.649000
23000.0,8.319414,27.245000,0.655000
23000.0,12.481357,27.256000,0.663000
23000.0,16.638829,27.296000,0.673000
23000.0,20.800771,27.361000,0.687000
23000.0,24.962714,27.450000,0.703000
23000.0,29.120186,27.555000,0.723000
23000.0,33.282128,27.670000,0.746000
23000.0,37.439600,27.781000,0.772000
23000.0,41.601542,27.872000,0.800000
23000.0,45.759014,27.924000,0.830000
23000.0,49.920957,27.908000,0.860000
23000.0,54.082899,27.793000,0.890000
23000.0,58.240371,27.537000,0.917000
23000.0,62.402314,27.093000,0.938000
23000.0,66.559786,26.407000,0.950000
23000.0,70.721728,25.433000,0.950000
23000.0,74.883670,24.155000,0.936000
23000.0,79.041142,22.595000,0.906000
23000.0,83.203085,20.796000,0.863000
23000.0,87.360557,18.807000,0.807000
23000.0,91.522499,16.671000,0.741000
23000.0,95.679971,14.422000,0.666000
23000.0,99.841914,12.090000,0.582000
23000.0,104.003856,9.698000,0.492000
23000.0,108.161328,7.269000,0.396000
23000.0,112.323270,4.826000,0.295000
23000.0,116.480742,2.394000,0.191000
23000.0,120.642685,-0.002000,0.087000
24000.0,0.000000,29.738000,0.707000
24000.0,4.336288,29.695000,0.711000
24000.0,8.677046,29.678000,0.717000
24000.0,13.013334,29.692000,0.725000
24000.0,17.349622,29.736000,0.737000
24000.0,21.690381,29.809000,0.751000
24000.0,26.026669,29.908000,0.769000
24000.0,30.367427,30.027000,0.791000
24000.0,34.703715,30.157000,0.815000
24000.0,39.040003,30.285000,0.843000
24000.0,43.380762,30.395000,0.874000
24000.0,47.717050,30.464000,0.907000
24000.0,52.053338,30.463000,0.940000
24000.0,56.394096,30.357000,0.973000
24000.0,60.730384,30.100000,1.003000
24000.0,65.066672,29.641000,1.026000
24000.0,69.407430,28.920000,1.041000
24000.0,73.743718,27.884000,1.042000
24000.0,78.080006,26.512000,1.027000
24000.0,82.420765,24.827000,0.996000
24000.0,86.757053,22.874000,0.949000
24000.0,91.097811,20.706000,0.888000
24000.0,95.434099,18.372000,0.816000
24000.0,99.770387,15.910000,0.733000
24000.0,104.111146,13.352000,0.641000
24000.0,108.447434,10.724000,0.542000
24000.0,112.783722,8.050000,0.436000
24000.0,117.124480,5.355000,0.326000
24000.0,121.460768,2.663000,0.213000
24000.0,125.797056,-0.001000,0.099000
25000.0,0.000000,32.279000,0.774000
25000.0,4.515104,32.232000,0.778000
25000.0,9.025738,32.214000,0.784000
25000.0,13.540842,32.229000,0.793000
25000.0,18.055946,32.278000,0.805000
25000.0,22.566579,32.359000,0.821000
25000.0,27.081683,32.469000,0.840000
25000.0,31.596787,32.602000,0.863000
25000.0,36.111891,32.748000,0.890000
25000.0,40.622525,32.895000,0.920000
25000.0,45.137629,33.024000,0.953000
25000.0,49.652733,33.114000,0.989000
25000.0,54.163366,33.132000,1.025000
25000.0,58.678470,33.040000,1.061000
25000.0,63.193574,32.789000,1.094000
25000.0,67.704208,32.323000,1.121000
25000.0,72.219312,31.574000,1.137000
25000.0,76.734416,30.483000,1.139000
25000.0,81.249520,29.022000,1.124000
25000.0,85.760154,27.213000,1.091000
25000.0,90.275258,25.104000,1.041000
25000.0,94.790362,22.753000,0.975000
25000.0,99.300995,20.213000,0.896000
25000.0,103.816099,17.528000,0.806000
25000.0,108.331203,14.731000,0.706000
25000.0,112.841837,11.852000,0.597000
25000.0,117.356941,8.916000,0.482000
25000.0,121.872045,5.945000,0.362000
25000.0,126.387149,2.965000,0.239000
25000.0,130.897782,0.000000,0.118000
26000.0,0.000000,34.921000,0.846000
26000.0,4.689450,34.870000,0.850000
26000.0,9.378899,34.850000,0.857000
26000.0,14.068349,34.866000,0.867000
26000.0,18.757798,34.919000,0.880000
26000.0,23.447248,35.008000,0.897000
26000.0,28.136698,35.129000,0.917000
26000.0,32.826147,35.276000,0.942000
26000.0,37.515597,35.439000,0.971000
26000.0,42.205046,35.606000,1.004000
26000.0,46.894496,35.758000,1.040000
26000.0,51.583946,35.870000,1.078000
26000.0,56.273395,35.910000,1.118000
26000.0,60.962845,35.837000,1.157000
26000.0,65.652294,35.598000,1.193000
26000.0,70.341744,35.130000,1.222000
26000.0,75.031194,34.361000,1.241000
26000.0,79.720643,33.220000,1.244000
26000.0,84.410093,31.676000,1.229000
26000.0,89.099542,29.745000,1.193000
26000.0,93.788992,27.479000,1.139000
26000.0,98.478442,24.938000,1.068000
26000.0,103.167891,22.183000,0.983000
26000.0,107.857341,19.261000,0.884000
26000.0,112.546790,16.211000,0.775000
26000.0,117.236240,13.062000,0.657000
26000.0,121.925690,9.842000,0.532000
26000.0,126.615139,6.575000,0.403000
26000.0,131.304589,3.285000,0.273000
26000.0,135.994038,0.001000,0.146000
